glomerulus,fbbt_id,vfb_name,definition,synonyms,vfb_url
,FBbt_00003925,antennal lobe glomerulus,"""Discrete partition of the antennal lobe, defined by a specific set of sensory neurons (Bates et al., 2020). There are 51 olfactory and 7 non-olfactory (VP) glomeruli (Bates et al., 2020; Marin et al., 2020)."" [FlyBase:FBrf0246456, FlyBase:FBrf0246460]","""olfactory lobe glomerulus"" RELATED []",https://www.virtualflybrain.org/term/antennal-lobe-glomerulus-fbbt_00003925/
D,FBbt_00003960,antennal lobe glomerulus D,"""Dorsal glomerulus of the adult antennal lobe. It lies dorsal to glomerulus DC1, and medial to glomerulus DL4."" [FlyBase:FBrf0107836]","""antennal glomerulus D"" EXACT []",https://www.virtualflybrain.org/term/antennal-lobe-glomerulus-d-fbbt_00003960/
DA1,FBbt_00003932,antennal lobe glomerulus DA1,"""Dorso-anterior glomerulus of the adult antennal lobe. It lies ventrolateral to glomerulus DL3 and lateral to glomerulus DL4. It is larger in males than females (Grabe et al, 2016)."" [FlyBase:FBrf0107836, FlyBase:FBrf0233453]","""antennal glomerulus DA1"" EXACT []",https://www.virtualflybrain.org/term/antennal-lobe-glomerulus-da1-fbbt_00003932/
DA2,FBbt_00003933,antennal lobe glomerulus DA2,"""Dorso-anterior glomerulus of the adult antennal lobe. It lies dorsal to glomerulus VA6 and medial to glomerulus DA4."" [FlyBase:FBrf0107836]","""antennal glomerulus DA2"" EXACT []",https://www.virtualflybrain.org/term/antennal-lobe-glomerulus-da2-fbbt_00003933/
DA3,FBbt_00003934,antennal lobe glomerulus DA3,"""Dorso-anterior glomerulus of the adult antennal lobe. It lies dorsal to glomerulus D and ventrolateral to glomerulus DL3."" [FlyBase:FBrf0107836]","""antennal glomerulus DA3"" EXACT []",https://www.virtualflybrain.org/term/antennal-lobe-glomerulus-da3-fbbt_00003934/
DA4,FBbt_00003935,antennal lobe glomerulus DA4,"""Dorso-anterior glomerulus of the adult antennal lobe. It lies dorsal to glomerulus VA6 and lateral to glomerulus DA2."" [FlyBase:FBrf0107836]","""antennal glomerulus DA4"" EXACT []",https://www.virtualflybrain.org/term/antennal-lobe-glomerulus-da4-fbbt_00003935/
DA4l,FBbt_00007360,antennal lobe glomerulus DA4l,"""DA4 glomerulus lateral to DA4m."" [FlyBase:FBrf0187305]","""antennal lobe glomerulus DA4 lateral compartment"" EXACT [] | ""DA4l"" EXACT [FlyBase:FBrf0187305]",https://www.virtualflybrain.org/term/antennal-lobe-glomerulus-da4l-fbbt_00007360/
DA4m,FBbt_00007361,antennal lobe glomerulus DA4m,"""DA4 glomerulus medial to DA4l. It is larger in males than females (Grabe et al, 2016)."" [FlyBase:FBrf0187305, FlyBase:FBrf0233453]","""antennal lobe glomerulus DA4 medial compartment"" EXACT [] | ""DA4m"" EXACT [FlyBase:FBrf0187305]",https://www.virtualflybrain.org/term/antennal-lobe-glomerulus-da4m-fbbt_00007361/
DC1,FBbt_00003961,antennal lobe glomerulus DC1,"""Dorso-central glomerulus of the adult antennal lobe. It lies ventral to glomerulus D and dorsolateral to glomerulus DM2."" [FlyBase:FBrf0107836]","""antennal glomerulus DC1"" EXACT []",https://www.virtualflybrain.org/term/antennal-lobe-glomerulus-dc1-fbbt_00003961/
DC2,FBbt_00003962,antennal lobe glomerulus DC2,"""Dorso-central glomerulus of the adult antennal lobe. It lies lateral to glomerulus VM5 and medial to glomerulus DC3."" [FlyBase:FBrf0107836]","""antennal glomerulus DC2"" EXACT []",https://www.virtualflybrain.org/term/antennal-lobe-glomerulus-dc2-fbbt_00003962/
DC3,FBbt_00003963,antennal lobe glomerulus DC3,"""Dorso-central glomerulus of the adult antennal lobe. It lies lateral to glomerulus DC2 and medial to the posterior portion of glomerulus VA1l."" [FlyBase:FBrf0107836]","""antennal glomerulus DC3"" EXACT []",https://www.virtualflybrain.org/term/antennal-lobe-glomerulus-dc3-fbbt_00003963/
DC4,FBbt_00100531,antennal lobe glomerulus DC4,"""Dorsal glomerulus of the adult antennal lobe. It lies ventral to glomerulus DM3 and posterior to DC2 and DC1, and is innervated by coeloconic olfactory receptor neurons (Couto et al., 2005)."" [FlyBase:FBrf0107836, FlyBase:FBrf0187305, FlyBase:FBrf0212455, FlyBase:FBrf0219809]","""antennal glomerulus 1"" RELATED [FlyBase:FBrf0219809] | ""antennal glomerulus DC4"" EXACT []",https://www.virtualflybrain.org/term/antennal-lobe-glomerulus-dc4-fbbt_00100531/
DL1,FBbt_00003968,antennal lobe glomerulus DL1,"""Dorso-lateral glomerulus of the adult antennal lobe. It lies lateral to glomerulus DM3 and medial to glomerulus DL5."" [FlyBase:FBrf0107836]","""antennal glomerulus DL1"" EXACT []",https://www.virtualflybrain.org/term/antennal-lobe-glomerulus-dl1-fbbt_00003968/
DL2,FBbt_00003969,antennal lobe glomerulus DL2,"""Dorso-lateral glomerulus of the adult antennal lobe. There are two of these, which lie ventrolateral to glomerulus DL1 and dorsomedial to glomerulus VL2a."" [FlyBase:FBrf0107836]","""antennal glomerulus DL2"" EXACT []",https://www.virtualflybrain.org/term/antennal-lobe-glomerulus-dl2-fbbt_00003969/
DL2d,FBbt_00100377,antennal lobe glomerulus DL2d,"""DL2 glomerulus that is dorsal to DL2v. It lies at the dorsoventral margin of the ventral compartment and ventral to glomerulus DA1."" [FlyBase:FBrf0211729]","""antennal lobe glomerulus DL2 dorsal compartment"" EXACT [] | ""DL2d"" EXACT [FlyBase:FBrf0211729]",https://www.virtualflybrain.org/term/antennal-lobe-glomerulus-dl2d-fbbt_00100377/
DL2v,FBbt_00100376,antennal lobe glomerulus DL2v,"""DL2 glomerulus ventral to DL2d. It lies on the ventromedial margin of the dorsal compartment and immediately ventral to glomerulus DL1."" [FlyBase:FBrf0211729]","""antennal lobe glomerulus DL2 ventral compartment"" EXACT [] | ""DL2v"" EXACT [FlyBase:FBrf0211729]",https://www.virtualflybrain.org/term/antennal-lobe-glomerulus-dl2v-fbbt_00100376/
DL3,FBbt_00003964,antennal lobe glomerulus DL3,"""Dorso-lateral glomerulus of the adult antennal lobe. It lies at the dorsal tip of the antennal lobe dorsomedial to glomerulus DA1."" [FlyBase:FBrf0107836]","""antennal glomerulus DL3"" EXACT []",https://www.virtualflybrain.org/term/antennal-lobe-glomerulus-dl3-fbbt_00003964/
DL4,FBbt_00003965,antennal lobe glomerulus DL4,"""Dorso-lateral glomerulus of the adult antennal lobe. It is a small glomerulus surrounded by glomeruli D, DL3 and DA1."" [FlyBase:FBrf0107836]","""antennal glomerulus DL4"" EXACT []",https://www.virtualflybrain.org/term/antennal-lobe-glomerulus-dl4-fbbt_00003965/
DL5,FBbt_00003970,antennal lobe glomerulus DL5,"""Dorso-lateral glomerulus of the adult antennal lobe. It lies lateral to glomerulus DM3 and medial to glomerulus DL1. It is larger in females than males (Grabe et al, 2016)."" [FlyBase:FBrf0107836, FlyBase:FBrf0233453]","""antennal glomerulus DL5"" EXACT []",https://www.virtualflybrain.org/term/antennal-lobe-glomerulus-dl5-fbbt_00003970/
DM1,FBbt_00003975,antennal lobe glomerulus DM1,"""Dorso-medial glomerulus of the adult antennal lobe. It lies dorsal to glomerulus DM4 and medial to glomerulus DP1m. It is larger in females than males (Grabe et al, 2016)."" [FlyBase:FBrf0107836, FlyBase:FBrf0233453]","""antennal glomerulus DM1"" EXACT []",https://www.virtualflybrain.org/term/antennal-lobe-glomerulus-dm1-fbbt_00003975/
DM2,FBbt_00003971,antennal lobe glomerulus DM2,"""Dorso-lateral glomerulus of the adult antennal lobe. It lies dorsomedial to glomerulus VM7 and dorsomedial to glomerulus DM3."" [FlyBase:FBrf0107836]","""antennal glomerulus DM2"" EXACT []",https://www.virtualflybrain.org/term/antennal-lobe-glomerulus-dm2-fbbt_00003971/
DM3,FBbt_00003972,antennal lobe glomerulus DM3,"""Dorso-medial glomerulus of the adult antennal lobe. It lies dorsal to glomerulus DM2 and medial to glomerulus DL5."" [FlyBase:FBrf0107836]","""antennal glomerulus DM3"" EXACT []",https://www.virtualflybrain.org/term/antennal-lobe-glomerulus-dm3-fbbt_00003972/
DM4,FBbt_00003976,antennal lobe glomerulus DM4,"""Dorso-medial glomerulus of the adult antennal lobe. It lies immediately ventral to glomerulus DM1 in the posterior most strata of the antennal lobe."" [FlyBase:FBrf0107836]","""antennal glomerulus DM4"" EXACT []",https://www.virtualflybrain.org/term/antennal-lobe-glomerulus-dm4-fbbt_00003976/
DM5,FBbt_00003940,antennal lobe glomerulus DM5,"""Dorso-medial glomerulus of the adult antennal lobe. It lies dorsomedial to glomerulus VM5."" [FlyBase:FBrf0107836]","""antennal glomerulus DM5"" EXACT []",https://www.virtualflybrain.org/term/antennal-lobe-glomerulus-dm5-fbbt_00003940/
DM6,FBbt_00003941,antennal lobe glomerulus DM6,"""Dorso-medial glomerulus of the adult antennal lobe. It lies dorsal to glomerulus VM5 and ventromedial to glomerulus D."" [FlyBase:FBrf0107836]","""antennal glomerulus DM6"" EXACT []",https://www.virtualflybrain.org/term/antennal-lobe-glomerulus-dm6-fbbt_00003941/
DP1,FBbt_00003977,antennal lobe glomerulus DP1,"""Dorso-posterior glomerulus of the adult antennal lobe. There are two of these, which lie along the dorsolateral border of the posterior-most strata of the antennal lobe, lateral to glomerulus DM1 and dorsal to glomerulus DL2."" [FlyBase:FBrf0107836]","""antennal glomerulus DP1"" EXACT []",https://www.virtualflybrain.org/term/antennal-lobe-glomerulus-dp1-fbbt_00003977/
DP1l,FBbt_00007098,antennal lobe glomerulus DP1l,"""DP1 glomerulus lateral to DP1m and dorsomedial to glomerulus DL2d. It is larger in females than males (Grabe et al, 2016)."" [FlyBase:FBrf0107836, FlyBase:FBrf0233453]","""antennal lobe glomerulus DP1 lateral compartment"" EXACT [] | ""DP1l"" EXACT []",https://www.virtualflybrain.org/term/antennal-lobe-glomerulus-dp1l-fbbt_00007098/
DP1m,FBbt_00007097,antennal lobe glomerulus DP1m,"""DP1 glomerulus medial to DP1l and lateral to DM1."" [FlyBase:FBrf0107836]","""antennal lobe glomerulus DP1 medial compartment"" EXACT [] | ""DP1m"" EXACT []",https://www.virtualflybrain.org/term/antennal-lobe-glomerulus-dp1m-fbbt_00007097/
V,FBbt_00003951,antennal lobe glomerulus V,"""Ventrally located antennal lobe glomerulus innervated only by ipsilateral ORNs."" [FlyBase:FBrf0107836]","""antennal glomerulus V"" EXACT [] | ""V glomerulus"" EXACT [FlyBase:FBrf0219809]",https://www.virtualflybrain.org/term/antennal-lobe-glomerulus-v-fbbt_00003951/
VA1,FBbt_00003936,antennal lobe glomerulus VA1,"""Ventro-anterior glomerulus of the adult antennal lobe."" [FlyBase:FBrf0107836]","""antennal glomerulus VA1"" EXACT []",https://www.virtualflybrain.org/term/antennal-lobe-glomerulus-va1-fbbt_00003936/
VA1d,FBbt_00007101,antennal lobe glomerulus VA1d,"""VA1 glomerulus dorsal to VA1v and ventral to DA1."" [FlyBase:FBrf0107836]","""antennal lobe glomerulus VA1 dorsal compartment"" EXACT [] | ""VA1d"" EXACT []",https://www.virtualflybrain.org/term/antennal-lobe-glomerulus-va1d-fbbt_00007101/
VA1v,FBbt_00007363,antennal lobe glomerulus VA1v,"""VA1 glomerulus ventral to VA1d (Couto et al., 2005). It is larger in males than females (Grabe et al, 2016)."" [FlyBase:FBrf0187305, FlyBase:FBrf0205720, FlyBase:FBrf0233453]","""antennal lobe glomerulus VA1 ventral compartment"" EXACT [] | ""VA1l"" NARROW [FlyBase:FBrf0205720] | ""VA1lm"" EXACT [FlyBase:FBrf0205720] | ""VA1m"" NARROW [FlyBase:FBrf0205720] | ""VA1v"" EXACT []",https://www.virtualflybrain.org/term/antennal-lobe-glomerulus-va1v-fbbt_00007363/
VA2,FBbt_00003942,antennal lobe glomerulus VA2,"""Ventral anterior glomerulus of the adult antennal lobe. It lies medial to glomerulus VA3 and ventrolateral to glomerulus VM2. It is larger in males than females (Grabe et al, 2016)."" [FlyBase:FBrf0107836, FlyBase:FBrf0233453]","""antennal glomerulus VA2"" EXACT []",https://www.virtualflybrain.org/term/antennal-lobe-glomerulus-va2-fbbt_00003942/
VA3,FBbt_00003943,antennal lobe glomerulus VA3,"""Ventro-anterior glomerulus of the adult antennal lobe. It lies lateral to glomerulus VA2 and ventral to glomerulus VA7."" [FlyBase:FBrf0107836]","""antennal glomerulus VA3"" EXACT []",https://www.virtualflybrain.org/term/antennal-lobe-glomerulus-va3-fbbt_00003943/
VA4,FBbt_00003944,antennal lobe glomerulus VA4,"""Ventro-anterior glomerulus of the adult antennal lobe. It lies ventrolateral to glomerulus VA3 and medial to glomerulus VL1."" [FlyBase:FBrf0107836]","""antennal glomerulus VA4"" EXACT []",https://www.virtualflybrain.org/term/antennal-lobe-glomerulus-va4-fbbt_00003944/
VA5,FBbt_00003937,antennal lobe glomerulus VA5,"""Ventro-anterior glomerulus of the adult antennal lobe. It lies lateral to glomerulus VC2 and ventromedial to the lateral compartment of glomerulus VA1."" [FlyBase:FBrf0107836]","""antennal glomerulus VA5"" EXACT []",https://www.virtualflybrain.org/term/antennal-lobe-glomerulus-va5-fbbt_00003937/
VA6,FBbt_00003938,antennal lobe glomerulus VA6,"""Ventro-anterior glomerulus of the adult antennal lobe. It lies ventral to glomerulus DA4 and dorsolateral to glomerulus VM5. It is larger in males than females (Grabe et al, 2016)."" [FlyBase:FBrf0107836, FlyBase:FBrf0233453]","""antennal glomerulus VA6"" EXACT []",https://www.virtualflybrain.org/term/antennal-lobe-glomerulus-va6-fbbt_00003938/
VA7,FBbt_00003945,antennal lobe glomerulus VA7,"""Ventro-anterior glomerulus of the adult antennal lobe. There are two of these, which together lie dorsal to glomerulus VA3, and dorsomedial to glomerulus VA5."" [FlyBase:FBrf0107836]","""antennal glomerulus VA7"" EXACT []",https://www.virtualflybrain.org/term/antennal-lobe-glomerulus-va7-fbbt_00003945/
VA7l,FBbt_00007103,antennal lobe glomerulus VA7l,"""VA7 glomerulus at the lateral border of the VA7m, dorsomedial to VA5."" [FlyBase:FBrf0107836]","""antennal lobe glomerulus VA7 lateral compartment"" EXACT [] | ""VA7l"" EXACT []",https://www.virtualflybrain.org/term/antennal-lobe-glomerulus-va7l-fbbt_00007103/
VA7m,FBbt_00007102,antennal lobe glomerulus VA7m,"""VA7 glomerulus at the medial edge of the VA7l, dorsolateral to VA2."" [FlyBase:FBrf0107836]","""antennal lobe glomerulus VA7 medial compartment"" EXACT [] | ""VA7m"" EXACT []",https://www.virtualflybrain.org/term/antennal-lobe-glomerulus-va7m-fbbt_00007102/
VC1,FBbt_00003952,antennal lobe glomerulus VC1,"""Ventro-central antennal lobe glomerulus of the adult antennal lobe. It lies dorsal to glomerulus VC3."" [FlyBase:FBrf0107836]","""antennal glomerulus VC1"" EXACT []",https://www.virtualflybrain.org/term/antennal-lobe-glomerulus-vc1-fbbt_00003952/
VC2,FBbt_00003946,antennal lobe glomerulus VC2,"""Ventro-central glomerulus of the adult antennal lobe. It lies ventral to glomerulus VA6, and dorsolateral to glomerulus VA2."" [FlyBase:FBrf0107836]","""antennal glomerulus VC2"" EXACT []",https://www.virtualflybrain.org/term/antennal-lobe-glomerulus-vc2-fbbt_00003946/
VC3,FBbt_00003953,antennal lobe glomerulus VC3,"""Ventro-central antennal lobe glomerulus of the adult antennal lobe. It lies dorsal to glomeruli VM1 and VM6, and ventrolateral to glomerulus VM7."" [FlyBase:FBrf0107836, FlyBase:FBrf0249560]","""antennal glomerulus VC3"" EXACT [] | ""antennal lobe glomerulus VC3 lateral compartment"" EXACT [FlyBase:FBrf0107836] | ""antennal lobe glomerulus VC3l"" RELATED [FlyBase:FBrf0249560]",https://www.virtualflybrain.org/term/antennal-lobe-glomerulus-vc3-fbbt_00003953/
VC4,FBbt_00007366,antennal lobe glomerulus VC4,"""Ventro-central antennal lobe glomerulus of the adult antennal lobe."" [FlyBase:FBrf0187305]","""antennal glomerulus VC4"" EXACT []",https://www.virtualflybrain.org/term/antennal-lobe-glomerulus-vc4-fbbt_00007366/
VC5,FBbt_00007104,antennal lobe glomerulus VC5,"""Adult antennal lobe glomerulus medial to VC3, and dorsal to glomerulus VM1."" [FlyBase:FBrf0107836, FlyBase:FBrf0249560]","""antennal lobe glomerulus VC3 medial compartment"" EXACT [] | ""antennal lobe glomerulus VC3m"" EXACT [FlyBase:FBrf0249560]",https://www.virtualflybrain.org/term/antennal-lobe-glomerulus-vc5-fbbt_00007104/
VL1,FBbt_00003954,antennal lobe glomerulus VL1,"""Ventro-lateral glomerulus of the adult antennal lobe. It lies in the ventrolateral corner of the antennal lobe ventrolateral to glomerulus VA5 and ventromedial to the anterior compartment of glomerulus VL2."" [FlyBase:FBrf0107836]","""antennal glomerulus VL1"" EXACT []",https://www.virtualflybrain.org/term/antennal-lobe-glomerulus-vl1-fbbt_00003954/
VL2,FBbt_00003955,antennal lobe glomerulus VL2,"""Ventro-lateral glomerulus of the adult antennal lobe. It is composed of two compartments which together lie dorsolateral to glomerulus VL1."" [FlyBase:FBrf0107836]","""antennal glomerulus VL2"" EXACT []",https://www.virtualflybrain.org/term/antennal-lobe-glomerulus-vl2-fbbt_00003955/
VL2a,FBbt_00007106,antennal lobe glomerulus VL2a,"""VL2 glomerulus at It the dorsoanterior edge of VL2p, ventrolateral to DL2d."" [FlyBase:FBrf0107836]","""antennal lobe glomerulus VL2 anterior compartment"" EXACT [] | ""VL2a"" EXACT []",https://www.virtualflybrain.org/term/antennal-lobe-glomerulus-vl2a-fbbt_00007106/
VL2p,FBbt_00007107,antennal lobe glomerulus VL2p,"""VL2 glomerulus at the ventroposterior edge of VL2a, dorsolateral to VL1."" [FlyBase:FBrf0107836]","""antennal lobe glomerulus VL2 posterior compartment"" EXACT [] | ""VL2p"" EXACT []",https://www.virtualflybrain.org/term/antennal-lobe-glomerulus-vl2p-fbbt_00007107/
VM1,FBbt_00003956,antennal lobe glomerulus VM1,"""Ventro-medial glomerulus of the adult antennal lobe. It lies at the posterior medioventral corner of the antennal lobe, medial to glomerulus VM6."" [FlyBase:FBrf0107836]","""antennal glomerulus VM1"" EXACT []",https://www.virtualflybrain.org/term/antennal-lobe-glomerulus-vm1-fbbt_00003956/
VM2,FBbt_00003947,antennal lobe glomerulus VM2,"""Ventro-central glomerulus of the adult antennal lobe. It lies dorsomedial to glomerulus VA2 and ventromedial to glomerulus VM5."" [FlyBase:FBrf0107836]","""antennal glomerulus VM2"" EXACT []",https://www.virtualflybrain.org/term/antennal-lobe-glomerulus-vm2-fbbt_00003947/
VM3,FBbt_00003948,antennal lobe glomerulus VM3,"""Ventro-medial glomerulus of the adult antennal lobe. It lies at the ventromedial corner of the antennal lobe, ventromedial to glomerulus VA2."" [FlyBase:FBrf0107836]","""antennal glomerulus VM3"" EXACT []",https://www.virtualflybrain.org/term/antennal-lobe-glomerulus-vm3-fbbt_00003948/
VM4,FBbt_00003957,antennal lobe glomerulus VM4,"""Ventro-medial glomerulus of the adult antennal lobe. It lies medial to glomerulus V and ventral to VC3."" [FlyBase:FBrf0107836]","""antennal glomerulus VM4"" EXACT []",https://www.virtualflybrain.org/term/antennal-lobe-glomerulus-vm4-fbbt_00003957/
VM5,FBbt_00003949,antennal lobe glomerulus VM5,"""Ventro-medial glomerulus of the adult antennal lobe. It lies ventromedial to glomerulus VA6 and dorsolateral to glomerulus VM2."" [FlyBase:FBrf0107836]","""antennal glomerulus VM5"" EXACT []",https://www.virtualflybrain.org/term/antennal-lobe-glomerulus-vm5-fbbt_00003949/
VM5d,FBbt_00007391,antennal lobe glomerulus VM5d,"""VM5 glomerulus dorsal to VM5v. It is larger in females than males (Grabe et al, 2016)."" [FlyBase:FBrf0051437, FlyBase:FBrf0211729, FlyBase:FBrf0233453, FlyBase:FBrf0239032]","""antennal lobe glomerulus VM5 dorsal compartment"" EXACT []",https://www.virtualflybrain.org/term/antennal-lobe-glomerulus-vm5d-fbbt_00007391/
VM5v,FBbt_00007365,antennal lobe glomerulus VM5v,"""VM5 glomerulus ventral to VM5d."" [FlyBase:FBrf0187305]","""antennal lobe glomerulus VM5 ventral compartment"" EXACT [] | ""VM5v"" EXACT []",https://www.virtualflybrain.org/term/antennal-lobe-glomerulus-vm5v-fbbt_00007365/
VM6,FBbt_00110029,antennal lobe glomerulus VM6,"""Adult antennal lobe glomerulus found dorsal to glomerulus V and ventral to VC5 (Task et al., 2022). It can be subdivided into three (lateral, medial and ventral) compartments based on the axonal terminals of sensory neurons, but no divisions can be made based on projection neuron dendrite distribution (Task et al., 2022; Schlegel et al., 2021). It receives input from ammonia-responsive neurons (Vulpe et al., 2021)."" [FlyBase:FBrf0192533, FlyBase:FBrf0249560, FlyBase:FBrf0249830, FlyBase:FBrf0253272]","""adult antennal glomerulus VC5"" RELATED [FlyBase:FBrf0249560] | ""antennal glomerulus VM6"" EXACT [FlyBase:FBrf0246460] | ""VC5 and VM6"" RELATED [FlyBase:FBrf0246460] | ""VM6+VP1"" RELATED [FlyBase:FBrf0246460, FlyBase:FBrf0249560]",https://www.virtualflybrain.org/term/antennal-lobe-glomerulus-vm6-fbbt_00110029/
VM6l,FBbt_00051843,antennal lobe glomerulus VM6l,"""Lateral subdivision of the VM6 glomerulus (Task et al., 2022)."" [FlyBase:FBrf0249560, FlyBase:FBrf0253272]","""antennal lobe glomerulus VM6 lateral compartment"" EXACT []",https://www.virtualflybrain.org/term/antennal-lobe-glomerulus-vm6l-fbbt_00051843/
VM6m,FBbt_00051844,antennal lobe glomerulus VM6m,"""Medial subdivision of the VM6 glomerulus (Task et al., 2022)."" [FlyBase:FBrf0249560, FlyBase:FBrf0253272]","""antennal lobe glomerulus VM6 medial compartment"" EXACT []",https://www.virtualflybrain.org/term/antennal-lobe-glomerulus-vm6m-fbbt_00051844/
VM6v,FBbt_00051845,antennal lobe glomerulus VM6v,"""Ventral subdivision of the VM6 glomerulus (Task et al., 2022)."" [FlyBase:FBrf0249560, FlyBase:FBrf0253272]","""antennal lobe glomerulus VM6 ventral compartment"" EXACT []",https://www.virtualflybrain.org/term/antennal-lobe-glomerulus-vm6v-fbbt_00051845/
VM7,FBbt_00003973,antennal lobe glomerulus VM7,"""Ventro-medial glomerulus of the adult antennal lobe. It lies ventral to glomerulus DM2 and dorsal to VC5."" [FlyBase:FBrf0107836]","""antennal glomerulus VM7"" EXACT []",https://www.virtualflybrain.org/term/antennal-lobe-glomerulus-vm7-fbbt_00003973/
VM7d,FBbt_00110028,antennal lobe glomerulus VM7d,"""VM7 glomerulus dorsal to VM7v."" [FlyBase:FBrf0187305, FlyBase:FBrf0192533]","""antennal lobe glomerulus VM7 dorsal compartment"" EXACT [] | ""VM7d"" EXACT []",https://www.virtualflybrain.org/term/antennal-lobe-glomerulus-vm7d-fbbt_00110028/
VM7v,FBbt_00007092,antennal lobe glomerulus VM7v,"""VM7 glomerulus ventral to VM7d."" [FlyBase:FBrf0187305, FlyBase:FBrf0192533]","""antennal lobe glomerulus 1"" RELATED [FlyBase:FBrf0187305, FlyBase:FBrf0219809] | ""antennal lobe glomerulus VM7 ventral compartment"" EXACT [] | ""VM7v"" EXACT []",https://www.virtualflybrain.org/term/antennal-lobe-glomerulus-vm7v-fbbt_00007092/
VP,FBbt_00003926,antennal lobe glomerulus VP,"""Glomerulus of the ventro-posterior adult antennal lobe. These glomeruli receive input from non-olfactory sensory (thermosensory or hygrosensory) neurons (Marin et al., 2020)."" [FlyBase:FBrf0051437, FlyBase:FBrf0107836, FlyBase:FBrf0246456]","""antennal glomerulus VP"" EXACT [] | ""non-olfactory glomerulus"" EXACT [FlyBase:FBrf0246460]",https://www.virtualflybrain.org/term/antennal-lobe-glomerulus-vp-fbbt_00003926/
VP1,FBbt_00003927,antennal lobe glomerulus VP1,"""Ventro-posterior glomerulus of the adult antennal lobe. It is located dorsomedial to glomerulus VP3, dorsoposterior to glomerulus V. Three of these can be distinguished based on innervation patterns of sensory and projection neurons (Marin et al., 2020)."" [FlyBase:FBrf0051437, FlyBase:FBrf0107836, FlyBase:FBrf0187305, FlyBase:FBrf0210390, FlyBase:FBrf0211729, FlyBase:FBrf0215822, FlyBase:FBrf0219809, FlyBase:FBrf0227110, FlyBase:FBrf0246456]","""antennal glomerulus VP1"" EXACT [] | ""column glomerulus"" EXACT [FlyBase:FBrf0236232]",https://www.virtualflybrain.org/term/antennal-lobe-glomerulus-vp1-fbbt_00003927/
VP1d,FBbt_00049639,antennal lobe glomerulus VP1d,"""Adult antennal lobe glomerulus dorsal to VP1l and VP1m (Marin et al., 2020). It receives sensory input from Ir40 neurons of sacculus chamber II (Marin et al., 2020)."" [FlyBase:FBrf0246456]","""adult antennal lobe dorsal VP1 glomerulus"" EXACT []",https://www.virtualflybrain.org/term/antennal-lobe-glomerulus-vp1d-fbbt_00049639/
VP1l,FBbt_00049640,antennal lobe glomerulus VP1l,"""Adult antennal lobe glomerulus ventral to VP1d and lateral to VP1m (Marin et al., 2020). It receives sensory input from Ir21a neurons of sacculus chamber I (Marin et al., 2020)."" [FlyBase:FBrf0246456]","""adult antennal lobe lateral VP1 glomerulus"" EXACT []",https://www.virtualflybrain.org/term/antennal-lobe-glomerulus-vp1l-fbbt_00049640/
VP1m,FBbt_00049641,antennal lobe glomerulus VP1m,"""Adult antennal lobe glomerulus medial to VP1d and VP1l (Marin et al., 2020). It receives sensory input from Ir68a neurons of sacculus chamber I (Marin et al., 2020)."" [FlyBase:FBrf0246456]","""adult antennal lobe medial VP1 glomerulus"" EXACT []",https://www.virtualflybrain.org/term/antennal-lobe-glomerulus-vp1m-fbbt_00049641/
VP2,FBbt_00003928,antennal lobe glomerulus VP2,"""Ventro-posterior glomerulus of the adult antennal lobe. It lies just medial to glomerulus VP1."" [FlyBase:FBrf0051437, FlyBase:FBrf0107836, FlyBase:FBrf0187305, FlyBase:FBrf0210390, FlyBase:FBrf0211729, FlyBase:FBrf0213085, FlyBase:FBrf0219809, FlyBase:FBrf0227110]","""antennal glomerulus VP2"" EXACT [] | ""hot glomerulus"" EXACT [FlyBase:FBrf0236232] | ""medial PAP"" EXACT [FlyBase:FBrf0213085] | ""medial proximal antennal protocerebrum"" EXACT [FlyBase:FBrf0213085] | ""PAL"" BROAD [FlyBase:FBrf0227880] | ""posterior antennal lobe"" BROAD [FlyBase:FBrf0227880] | ""VP2"" EXACT [FlyBase:FBrf0051437]",https://www.virtualflybrain.org/term/antennal-lobe-glomerulus-vp2-fbbt_00003928/
VP3,FBbt_00003929,antennal lobe glomerulus VP3,"""Ventro-posterior glomerulus of the adult antennal lobe. It lies dorsolateral to glomerulus VP1."" [FlyBase:FBrf0051437, FlyBase:FBrf0107836, FlyBase:FBrf0187305, FlyBase:FBrf0210390, FlyBase:FBrf0211729, FlyBase:FBrf0227110]","""antennal glomerulus VP3"" EXACT [] | ""cold glomerulus"" EXACT [FlyBase:FBrf0236232] | ""lateral PAP"" EXACT [FlyBase:FBrf0213085] | ""lateral proximal antennal protocerebrum"" EXACT [FlyBase:FBrf0213085] | ""PAL"" BROAD [FlyBase:FBrf0227880] | ""posterior antennal lobe"" BROAD [FlyBase:FBrf0227880] | ""VP3"" EXACT [FlyBase:FBrf0051437]",https://www.virtualflybrain.org/term/antennal-lobe-glomerulus-vp3-fbbt_00003929/
VP4,FBbt_00110865,antennal lobe glomerulus VP4,"""Ventro-posterior glomerulus of the adult antennal lobe. It lies dorsoposterior to glomerulus VP3, ventral to DP1."" [FlyBase:FBrf0215822, FlyBase:FBrf0219809, FlyBase:FBrf0227110]","""antennal glomerulus VP4"" EXACT [] | ""arm glomerulus"" EXACT [FlyBase:FBrf0236232] | ""dry glomerulus"" EXACT [FlyBase:FBrf0236232] | ""dry-air glomerulus"" EXACT [FlyBase:FBrf0236232]",https://www.virtualflybrain.org/term/antennal-lobe-glomerulus-vp4-fbbt_00110865/
VP5,FBbt_00047223,antennal lobe glomerulus VP5,"""Small glomerulus of the adult posterior antennal lobe. It lies between VP2 and VP3 and is important in the response to humidity."" [FlyBase:FBrf0235932, FlyBase:FBrf0236232]","""antennal glomerulus VP5"" EXACT [] | ""bean glomerulus"" EXACT [FlyBase:FBrf0236232] | ""humid glomerulus"" EXACT [FlyBase:FBrf0236232] | ""humid-air glomerulus"" EXACT [FlyBase:FBrf0236232] | ""humidity glomerulus"" EXACT [FlyBase:FBrf0236232]",https://www.virtualflybrain.org/term/antennal-lobe-glomerulus-vp5-fbbt_00047223/
compartment,FBbt_00007094,antennal lobe glomerulus compartment,"""Any glomerulus compartment (FBbt:00007362) that is part of some antennal lobe glomerulus (FBbt:00003925)."" [FlyBase:FBrf0107836]",,https://www.virtualflybrain.org/term/antennal-lobe-glomerulus-compartment-fbbt_00007094/
